Fund;Fund_Desc;Dept;Dept Name;Char Code;Char Code Desc;FY 10 Actual;FY 11 Actual;FY 12 Orig Bud;FY 12 Revised Bud;FY 12 Actual;FY 13 Orig Bud;FY 13 Revised Bud;FY 13 Actual;FY 14 Orig Bud;FY 14 Revised Bud;FY 14 Actual;FY 15 Orig Bud;FY 15 Revised Bud;FY 15 YTD Actual
0100;GENERAL FUND;0;UNDEFINED;71;PERSONAL SERVICES;0.0;0.0;0.0;0.0;0.0;0;0.0;0.0;0;0.0;0.0;0.0;0.0;0.0
0100;GENERAL FUND;0;UNDEFINED;72;OPERATING EXPENSES;0.0;0.0;0.0;0.0;;0;0.0;0.0;0;0.0;0.0;0.0;0.0;0.0
0100;GENERAL FUND;0;UNDEFINED;7F;TRANSFER TO FUND BAL;0.0;0.0;0.0;0.0;0.0;0;0.0;0.0;0;0.0;0.0;0.0;0.0;0.0
0100;GENERAL FUND;1;COUNCIL;71;PERSONAL SERVICES;179902.43;192032.1;190576.0;190576.0;203794.02;207752;218664.0;227348.6;232380;232380.0;233596.94;236689.0;236689.0;227358.84
0100;GENERAL FUND;2;CITY MANAGER;71;PERSONAL SERVICES;2384025.94;2703285.58;2671535.0;2668535.0;2691920.98;2670379;2670379.0;2555974.0;2614293;2614293.0;2645740.04;2643115.0;2643115.0;2507735.34
0100;GENERAL FUND;2;CITY MANAGER;73;CAPITAL ASSETS;0.0;0.0;0.0;26000.0;0.0;0;0.0;0.0;0;0.0;0.0;0.0;0.0;0.0
0100;GENERAL FUND;3;CITY CLERK;72;OPERATING EXPENSES;38113.47;40298.09;70728.0;71501.85;39635.45;65588;65691.06;44442.07;65436;63714.24;37955.96;67131.0;63368.0;32777.16
0100;GENERAL FUND;5;AUDIT SERVICES;73;CAPITAL ASSETS;0.0;0.0;0.0;0.0;0.0;1150;0.0;0.0;0;0.0;0.0;0.0;0.0;0.0
0100;GENERAL FUND;6;BUDGET AND MANAGEMENT SERVICES;71;PERSONAL SERVICES;1016588.82;1026205.11;1034926.0;1036926.0;1019925.89;1099575;1136730.75;1137791.33;1110667;1110667.0;1114121.29;1117987.0;1117987.0;1075917.33
0100;GENERAL FUND;6;BUDGET AND MANAGEMENT SERVICES;72;OPERATING EXPENSES;2087107.0;1793652.45;1926251.0;1923323.92;1886187.74;100227;121353.17;112842.47;113912;124730.51;70924.02;108489.0;170989.0;140998.03
0100;GENERAL FUND;7;ECONOMIC & WORKFORCE DEVELOPM;72;OPERATING EXPENSES;831695.45;2192387.16;2619699.0;4044268.4;2398145.31;2517367;3679343.61;2400662.58;2071561;3313733.68;2375898.42;1536538.0;2459792.04;1258872.43
0100;GENERAL FUND;7;ECONOMIC & WORKFORCE DEVELOPM;76;NON-CASH ITEMS;0.0;0.0;0.0;0.0;0.0;0;0.0;0.0;0;0.0;0.0;101000.0;1000.0;0.0
0100;GENERAL FUND;8;EMERGENCY COMMUNICATION;73;CAPITAL ASSETS;0.0;0.0;0.0;2271.67;0.0;0;2271.67;0.0;0;2271.67;0.0;0.0;2271.67;0.0
0100;GENERAL FUND;A;FINANCE;71;PERSONAL SERVICES;3203415.03;3176106.87;3237594.0;3237594.0;3337920.65;3327042;3327042.0;3308203.66;2912197;2911736.96;2788303.81;2874348.0;2874348.0;2703030.38
0100;GENERAL FUND;A;FINANCE;73;CAPITAL ASSETS;0.0;0.0;0.0;0.0;0.0;0;0.0;0.0;0;0.0;0.0;0.0;0.0;0.0
0100;GENERAL FUND;B;FIRE;71;PERSONAL SERVICES;20337073.04;20911574.45;21275229.0;21275229.0;21153941.33;21316643;21293143.0;21232791.06;21676740;21677625.14;21674466.02;22629681.0;22646441.0;21541424.15
0100;GENERAL FUND;B;FIRE;75;INTRAGOVENMENTAL TRA;0.0;0.0;0.0;0.0;0.0;0;0.0;0.0;0;0.0;0.0;0.0;0.0;0.0
0100;GENERAL FUND;F;HUMAN RELATIONS;71;PERSONAL SERVICES;429255.28;365460.59;364450.0;0.0;;0;0.0;0.0;0;0.0;228.0;0.0;0.0;
0100;GENERAL FUND;G;CITY/COUNTY INSPECTIONS;71;PERSONAL SERVICES;3044075.95;2889888.56;2878112.0;2878112.0;2934830.3;3046162;3046162.0;3073806.29;3282622;3282622.0;3307493.13;3486392.0;3486392.0;3082110.74
0100;GENERAL FUND;H;PARKS & RECREATION;76;NON-CASH ITEMS;0.0;0.0;33500.0;26560.73;0.0;53458;31450.14;0.0;33304;9924.19;0.0;962476.0;28624.12;0.0
0100;GENERAL FUND;J;CITY/COUNTY PLANNING;73;CAPITAL ASSETS;0.0;0.0;0.0;770.77;0.0;7500;10037.13;0.0;6500;7669.41;0.0;14509.0;10608.9;0.0
0100;GENERAL FUND;K;POLICE;75;INTRAGOVENMENTAL TRA;23435.9;28442.2;38928.0;34928.0;28415.91;31000;31000.0;28364.16;45404;45404.0;33261.24;43138.0;43138.0;37373.82
0100;GENERAL FUND;M;SOLID WASTE;71;PERSONAL SERVICES;5565088.72;0.0;0.0;0.0;0.0;0;0.0;0.0;0;0.0;0.0;0.0;0.0;0.0
0100;GENERAL FUND;M;SOLID WASTE;75;INTRAGOVENMENTAL TRA;2000.0;0.0;0.0;0.0;0.0;0;0.0;0.0;0;0.0;0.0;0.0;0.0;0.0
0100;GENERAL FUND;N;TECHNOLOGY SOLUTIONS;73;CAPITAL ASSETS;50991.0;0.0;67500.0;135002.5;71743.61;12216;87772.39;87686.63;0;0.0;0.0;0.0;0.0;0.0
0100;GENERAL FUND;S;FLEET MANAGEMENT;72;OPERATING EXPENSES;553851.02;786607.38;809546.0;839151.05;622061.46;832855;858208.73;595792.43;878447;918928.22;757335.95;927381.0;1026701.88;796767.03
1470;EMERGENCY TELEPHONE SYSTEM FUN;0;UNDEFINED;75;INTRAGOVENMENTAL TRA;0.0;0.0;0.0;322143.48;322143.48;0;0.0;0.0;0;0.0;0.0;0.0;0.0;0.0
1470 Total;;;;;;1662067.28;1537892.46;1972650.0;2819373.44;2317807.94;1800331;2113184.92;1763896.68;1576724;1826708.48;1550447.65;2228425.0;2520994.28;1885670.1
1940;DEDICATED HOUSING FUND;D;COMMUNITY DEVELOPMENT;75;INTRAGOVENMENTAL TRA;0.0;0.0;0.0;0.0;0.0;0;996654.0;996654.0;1053484;1053484.0;1053484.0;1584993.0;1584993.0;1584993.0
1940 Total;;;;;;0.0;0.0;0.0;0.0;0.0;0;2374654.0;1369850.48;2370104;2683587.81;2056209.5;3133611.0;3455194.01;2071848.95
2000;DEBT SERVICE FUND;A;FINANCE;7P;DEBT PRINCIPAL;0.0;14883075.58;17698413.0;22680413.0;22680413.0;22343723;36182154.62;36587153.92;24906018;28906018.0;28870536.12;25766383.0;76889696.0;76594371.61
2000;DEBT SERVICE FUND;A;FINANCE;7F;TRANSFER TO FUND BAL;0.0;0.0;0.0;2487660.0;0.0;0;0.0;0.0;0;0.0;0.0;0.0;0.0;0.0
3911;STREET-SOUTHWEST-ZONE 1;L;PUBLIC WORKS;72;OPERATING EXPENSES;55889.58;0.0;0.0;0.0;0.0;0;0.0;0.0;0;0.0;0.0;0.0;0.0;0.0
3912;STREET-EAST-ZONE 2;L;PUBLIC WORKS;75;INTRAGOVENMENTAL TRA;0.0;0.0;0.0;0.0;0.0;0;0.0;0.0;0;0.0;0.0;0.0;0.0;0.0
3913 Total;;;;;;0.0;0.0;24245.0;24245.0;0.0;15525;15525.0;0.0;16525;16525.0;32002.0;16525.0;16525.0;0.0
3915;STREET-NORTH/EAST-ZONE 5;L;PUBLIC WORKS;7F;TRANSFER TO FUND BAL;0.0;0.0;456907.0;456907.0;0.0;479172;479172.0;0.0;481172;481172.0;0.0;483172.0;483172.0;0.0
3923;RECREATION-NORTH-ZONE 3;H;PARKS & RECREATION;7F;TRANSFER TO FUND BAL;0.0;0.0;208000.0;208000.0;0.0;68612;68612.0;0.0;69112;69112.0;0.0;68612.0;68612.0;0.0
3932;OPEN SPACE-EAST-ZONE 2;H;PARKS & RECREATION;7F;TRANSFER TO FUND BAL;0.0;0.0;63580.0;63580.0;0.0;59516;59516.0;0.0;74770;74770.0;0.0;75270.0;75270.0;0.0
4291;SO DURHAM WRF CAPITAL FACILITI;0;UNDEFINED;75;INTRAGOVENMENTAL TRA;0.0;0.0;0.0;0.0;0.0;0;0.0;0.0;0;0.0;0.0;0.0;0.0;0.0
4291;SO DURHAM WRF CAPITAL FACILITI;P;WATER MANAGEMENT;75;INTRAGOVENMENTAL TRA;0.0;0.0;487409.0;662409.0;0.0;605000;605000.0;0.0;612000;612000.0;0.0;2776550.0;2776550.0;2776550.0
4291 Total;;;;;;0.0;0.0;487409.0;662409.0;0.0;605000;605000.0;0.0;612000;612000.0;0.0;2776550.0;2776550.0;2776550.0
4292;NO DURHAM WRF CAPITAL FACILITI;0;UNDEFINED;75;INTRAGOVENMENTAL TRA;0.0;0.0;0.0;0.0;0.0;0;0.0;0.0;0;0.0;0.0;0.0;0.0;0.0
4292;NO DURHAM WRF CAPITAL FACILITI;P;WATER MANAGEMENT;7F;TRANSFER TO FUND BAL;0.0;0.0;0.0;0.0;0.0;0;0.0;0.0;0;0.0;0.0;0.0;0.0;0.0
5100;WATER & SEWER OPERATING FUND;0;UNDEFINED;72;OPERATING EXPENSES;0.0;0.0;0.0;0.0;0.0;0;0.0;0.0;0;0.0;0.0;0.0;0.0;0.0
5100;WATER & SEWER OPERATING FUND;0;UNDEFINED;75;INTRAGOVENMENTAL TRA;0.0;0.0;123000.0;2247056.0;2247056.0;656982;707266.59;707266.59;679000;679000.0;679000.0;730000.0;873899.0;873899.0
5100;WATER & SEWER OPERATING FUND;A;FINANCE;7P;DEBT PRINCIPAL;14582250.25;14870480.43;12913307.0;12913307.0;12968312.76;13388216;13388216.0;13418652.96;13072711;13072711.0;13100891.13;6367070.0;12858369.0;12742487.07
5100;WATER & SEWER OPERATING FUND;P;WATER MANAGEMENT;71;PERSONAL SERVICES;17133837.74;18559615.21;20556065.0;20489403.0;19623655.61;20356566;20488562.0;19636774.47;20699632;20618632.0;19568307.04;20968518.0;20971956.62;18580308.35
5100;WATER & SEWER OPERATING FUND;P;WATER MANAGEMENT;72;OPERATING EXPENSES;17092282.03;18990862.81;20610331.0;22322581.98;18859136.63;19971735;21329881.55;17995283.05;20329349;22800721.87;18801560.62;20659023.0;22627355.39;16704199.69
5100;WATER & SEWER OPERATING FUND;P;WATER MANAGEMENT;76;NON-CASH ITEMS;0.0;0.0;0.0;0.0;0.0;0;0.0;0.0;0;0.0;0.0;0.0;0.0;0.0
5310;TRANSIT ADMINISTRATION;A;FINANCE;7I;DEBT INTEREST & EXPE;0.0;0.0;107210.0;107210.0;107209.86;101992;101992.0;101991.52;96774;96774.0;96773.18;96774.0;96774.0;92134.66
5310;TRANSIT ADMINISTRATION;U;TRANSPORTATION;75;INTRAGOVENMENTAL TRA;1468759.53;1187743.0;889052.0;1310935.0;1193982.24;1211420;1308836.5;1308836.6;1085475;1085475.0;1085474.9;1172903.0;2182463.91;1959067.56
5310;TRANSIT ADMINISTRATION;U;TRANSPORTATION;7P;DEBT PRINCIPAL;36870.47;0.0;0.0;0.0;0.0;0;0.0;0.0;0;0.0;0.0;0.0;0.0;0.0
5400;DISPOSAL SERVICES FUND;A;FINANCE;76;NON-CASH ITEMS;0.0;0.0;0.0;0.0;0.0;0;0.0;0.0;0;0.0;0.0;0.0;0.0;0.0
5500;STORMWATER;0;UNDEFINED;75;INTRAGOVENMENTAL TRA;0.0;0.0;0.0;467746.0;535246.0;1533685;1545982.0;1545982.0;393000;393000.0;393000.0;700000.0;711670.0;711668.0
5500;STORMWATER;C;GENERAL SERVICES;73;CAPITAL ASSETS;0.0;0.0;0.0;0.0;0.0;0;0.0;0.0;0;0.0;0.0;0.0;0.0;0.0
5500;STORMWATER;L;PUBLIC WORKS;73;CAPITAL ASSETS;0.0;0.0;134112.0;132350.78;39798.31;42800;27891.25;19302.0;40000;26590.44;0.0;30000.0;13000.0;0.0
5500;STORMWATER;M;SOLID WASTE;76;NON-CASH ITEMS;0.0;0.0;0.0;0.0;0.0;0;0.0;0.0;0;0.0;0.0;0.0;0.0;0.0
5600;CIVIC CENTER OPERATING FUND;0;UNDEFINED;76;NON-CASH ITEMS;0.0;0.0;0.0;0.0;0.0;0;0.0;0.0;0;0.0;0.0;0.0;0.0;0.0
5600;CIVIC CENTER OPERATING FUND;C;GENERAL SERVICES;7F;TRANSFER TO FUND BAL;0.0;0.0;0.0;0.0;0.0;0;0.0;;0;0.0;0.0;0.0;0.0;0.0
5700;BALLPARK OPERATIONS FUND;0;UNDEFINED;75;INTRAGOVENMENTAL TRA;0.0;0.0;308858.0;308858.0;308858.0;324797;324797.0;324797.0;110726;110726.0;110726.0;116816.0;116816.0;116816.0
5700;BALLPARK OPERATIONS FUND;A;FINANCE;72;OPERATING EXPENSES;97218.0;97218.0;97218.0;97218.0;97218.0;131983;131983.0;131983.0;133691;133691.0;133691.0;0.0;0.0;0.0
5700;BALLPARK OPERATIONS FUND;C;GENERAL SERVICES;72;OPERATING EXPENSES;644871.2;648625.0;663291.0;778061.67;656732.67;735085;870506.84;689292.81;372909;568400.96;373641.13;0.0;340.25;0.0
5800;PARKING FACILITIES OPERATING;A;FINANCE;7I;DEBT INTEREST & EXPE;92750.0;47500.0;0.0;0.0;0.0;0;0.0;0.0;618349;618349.0;642310.64;590887.0;708274.0;583365.46
5800;PARKING FACILITIES OPERATING;U;TRANSPORTATION;72;OPERATING EXPENSES;1073992.29;1155868.25;1481116.0;1809904.98;1501147.93;1524710;1934487.33;1799763.35;1845613;2174798.46;2037246.73;2197079.0;2320107.53;2194747.98
5800;PARKING FACILITIES OPERATING;U;TRANSPORTATION;7P;DEBT PRINCIPAL;0.0;0.0;0.0;0.0;0.0;0;0.0;0.0;0;0.0;0.0;0.0;0.0;0.0
5900;DURHAM PERFORMING ARTS CENTER;A;FINANCE;7F;TRANSFER TO FUND BAL;0.0;0.0;0.0;0.0;0.0;0;0.0;0.0;0;0.0;0.0;268003.0;268003.0;0.0
6110;CLAIMS PAYMENT FUND;0;UNDEFINED;75;INTRAGOVENMENTAL TRA;0.0;778842.0;0.0;185464.0;185464.0;0;0.0;0.0;0;0.0;0.0;0.0;0.0;0.0
6300;EMPLOYEE INSURANCE FUND;E;HUMAN RESOURCES;7F;TRANSFER TO FUND BAL;0.0;0.0;0.0;0.0;0.0;0;0.0;0.0;0;0.0;0.0;0.0;0.0;0.0
6300 Total;;;;;;0.0;21331960.65;28933596.0;28933596.0;25777679.21;29124775;29133275.0;28313739.44;29876965;29876965.0;28708484.27;29602517.0;29627915.4;26828263.14
7100;CEMETERY PERPETUAL CARE FUND;A;FINANCE;7F;TRANSFER TO FUND BAL;0.0;0.0;0.0;0.0;0.0;0;0.0;0.0;10000;10000.0;0.0;6000.0;6000.0;0.0
7100 Total;;;;;;39195.0;39195.0;244581.0;244581.0;244581.0;100000;100000.0;100000.0;10000;10000.0;0.0;346000.0;346000.0;340000.0
7300;POST EMPLOYMENT BENEFITS;A;FINANCE;71;PERSONAL SERVICES;3518446.37;4312664.21;4852414.0;4852414.0;4548324.05;4627869;4627869.0;4589810.1;4604194;4604194.0;4441367.43;4442772.0;4442772.0;3606823.9
0100;GENERAL FUND;0;UNDEFINED;75;INTRAGOVENMENTAL TRA;0.0;6426807.0;1562768.0;3073015.48;3073015.48;1762426;2265421.0;2265420.5;548288;590246.36;590146.36;2109760.0;2788935.0;2716935.0
0100;GENERAL FUND;1;COUNCIL;76;NON-CASH ITEMS;0.0;0.0;0.0;0.0;0.0;0;0.0;0.0;0;0.0;0.0;0.0;0.0;0.0
0100;GENERAL FUND;2;CITY MANAGER;72;OPERATING EXPENSES;361940.08;307528.96;277485.0;269000.73;219378.49;303056;401289.39;326503.36;386036;416258.09;245915.43;377092.0;435286.03;259714.47
0100;GENERAL FUND;4;CITY ATTORNEY;71;PERSONAL SERVICES;1433028.15;1460006.42;1451963.0;1431963.0;1444447.65;1443146;1483146.0;1519264.01;1528485;1534485.0;1538902.91;1542939.0;1542939.0;1516761.29
0100;GENERAL FUND;4;CITY ATTORNEY;72;OPERATING EXPENSES;61920.98;94751.11;79506.0;132147.22;107642.51;117115;126795.36;76957.38;80815;83178.6;56904.73;92801.0;108846.55;66444.49
0100;GENERAL FUND;5;AUDIT SERVICES;71;PERSONAL SERVICES;442275.25;464811.4;447787.0;455787.0;453189.06;455713;465713.0;460706.08;447466;456366.0;457608.4;453904.0;453904.0;405917.0
0100;GENERAL FUND;5;AUDIT SERVICES;72;OPERATING EXPENSES;109632.16;116354.58;117916.0;118006.83;118098.99;83992;85202.15;84350.13;96135;96792.34;96357.82;99828.0;97528.0;83406.94
0100;GENERAL FUND;8;EMERGENCY COMMUNICATION;71;PERSONAL SERVICES;3947656.89;4003154.39;4267002.0;4267002.0;4208081.92;4330851;4330851.0;4217829.35;4405180;4405180.0;4193235.91;4447936.0;4447936.0;4153883.46
0100;GENERAL FUND;9;EQUAL OPP & EQUITY ASSURANCE;72;OPERATING EXPENSES;61133.68;59789.66;74164.0;74710.96;64222.25;172673;175805.82;70354.67;85869;236161.86;220043.19;84810.0;82715.99;47745.21
0100;GENERAL FUND;A;FINANCE;7I;DEBT INTEREST & EXPE;9679990.38;1374471.75;100000.0;181037.0;126183.23;0;0.0;0.0;0;0.0;0.0;0.0;0.0;0.0
0100;GENERAL FUND;B;FIRE;72;OPERATING EXPENSES;715329.95;1479073.48;1498158.0;1645216.58;1662696.23;1816836;1869068.78;1822112.21;1888719;1934790.57;1749174.71;1863920.0;1973482.19;1412891.97
0100;GENERAL FUND;B;FIRE;73;CAPITAL ASSETS;24733.0;0.0;57120.0;0.0;0.0;0;-11310.0;0.0;0;0.0;0.0;0.0;0.0;0.0
0100;GENERAL FUND;C;GENERAL SERVICES;71;PERSONAL SERVICES;7237738.63;7312631.51;7451741.0;7451741.0;7185345.99;7496930;7501853.21;7337089.12;7421041;7424308.32;7199749.44;7529265.0;7707183.3;7308792.08
0100;GENERAL FUND;C;GENERAL SERVICES;72;OPERATING EXPENSES;2999118.66;3484874.97;3461181.0;4886275.1;3874739.21;3441537;4046882.55;3281293.2;3412923;4210220.84;3252920.58;3299684.0;4379971.08;3074780.8
0100;GENERAL FUND;C;GENERAL SERVICES;76;NON-CASH ITEMS;0.0;0.0;15780.0;0.0;0.0;0;0.0;0.0;0;0.0;0.0;301000.0;0.0;0.0
0100;GENERAL FUND;D;COMMUNITY DEVELOPMENT;73;CAPITAL ASSETS;0.0;0.0;0.0;0.0;0.0;0;0.0;0.0;0;0.0;0.0;0.0;0.0;0.0
0100;GENERAL FUND;D;COMMUNITY DEVELOPMENT;75;INTRAGOVENMENTAL TRA;0.0;0.0;0.0;0.0;0.0;0;0.0;0.0;0;0.0;0.0;0.0;0.0;0.0
0100;GENERAL FUND;E;HUMAN RESOURCES;72;OPERATING EXPENSES;13395862.85;3365396.94;587062.0;612941.18;462742.6;593972;678650.34;541794.22;533780;915664.91;751662.23;435136.0;485943.01;251938.61
0100;GENERAL FUND;H;PARKS & RECREATION;7I;DEBT INTEREST & EXPE;7164.0;0.0;0.0;0.0;0.0;0;0.0;0.0;0;0.0;0.0;0.0;0.0;0.0
0100;GENERAL FUND;J;CITY/COUNTY PLANNING;71;PERSONAL SERVICES;3051961.18;2797402.39;2684172.0;2684172.0;2717332.77;2723025;2725048.67;2794206.48;2823136;2813708.0;2744880.36;2773020.0;2773620.0;2615203.27
0100;GENERAL FUND;J;CITY/COUNTY PLANNING;72;OPERATING EXPENSES;138143.88;169465.99;246539.0;248414.14;191495.52;255460;247589.95;163599.06;223220;235454.99;157408.89;323499.0;310306.1;130027.51
0100;GENERAL FUND;J;CITY/COUNTY PLANNING;75;INTRAGOVENMENTAL TRA;0.0;0.0;0.0;0.0;0.0;0;8000.0;8000.0;0;12000.0;12000.0;12000.0;12000.0;0.0
0100;GENERAL FUND;J;CITY/COUNTY PLANNING;76;NON-CASH ITEMS;0.0;0.0;0.0;0.0;0.0;0;0.0;0.0;0;0.0;0.0;0.0;0.0;0.0
0100;GENERAL FUND;L;PUBLIC WORKS;72;OPERATING EXPENSES;1327039.58;1706899.12;1647136.0;1795834.86;1573184.48;2381685;2141408.48;1461066.66;2501244;2296613.58;2069463.66;1989506.0;2223934.66;1774899.16
0100;GENERAL FUND;L;PUBLIC WORKS;73;CAPITAL ASSETS;0.0;0.0;30019.0;33550.2;11030.0;32654;424021.27;4500.0;27000;1134106.19;268001.68;18500.0;863713.86;853469.86
0100;GENERAL FUND;L;PUBLIC WORKS;76;NON-CASH ITEMS;0.0;0.0;0.0;0.0;0.0;0;0.0;0.0;0;0.0;0.0;0.0;0.0;0.0
0100;GENERAL FUND;M;SOLID WASTE;73;CAPITAL ASSETS;0.0;0.0;0.0;0.0;0.0;0;0.0;0.0;0;0.0;0.0;0.0;0.0;0.0
0100;GENERAL FUND;N;TECHNOLOGY SOLUTIONS;76;NON-CASH ITEMS;0.0;0.0;0.0;0.0;0.0;232291;0.0;0.0;0;0.0;0.0;250000.0;0.0;0.0
0100;GENERAL FUND;T;NEIGHBORHOOD IMPROVEMENT SERVI;76;NON-CASH ITEMS;0.0;0.0;0.0;0.0;0.0;0;90000.0;0.0;0;0.0;0.0;0.0;0.0;0.0
0100;GENERAL FUND;Z;NONDEPARTMENTAL;7I;DEBT INTEREST & EXPE;0.0;0.0;0.0;0.0;0.0;100000;100000.0;25950.8;90000;90000.0;26156.15;50000.0;50000.0;13073.34
0100 Total;;;;;;211664573.18;202479349.12;182811731.0;200664292.2;193642833.12;176667892;178508984.7;168628172.22;169631820;174583329.4;164367925.79;175004614.0;181172362.37;162497386.66
1940;DEDICATED HOUSING FUND;D;COMMUNITY DEVELOPMENT;71;PERSONAL SERVICES;0.0;0.0;0.0;0.0;0.0;0;0.0;0.0;0;0.0;0.0;0.0;74000.0;74000.0
1940;DEDICATED HOUSING FUND;D;COMMUNITY DEVELOPMENT;72;OPERATING EXPENSES;0.0;0.0;0.0;0.0;0.0;0;741829.0;349725.4;0;1403983.81;976825.61;1446818.0;1768401.01;385687.64
3912;STREET-EAST-ZONE 2;L;PUBLIC WORKS;72;OPERATING EXPENSES;0.0;0.0;0.0;0.0;0.0;0;0.0;0.0;0;0.0;0.0;0.0;0.0;0.0
3913;STREET-NORTH-ZONE 3;L;PUBLIC WORKS;72;OPERATING EXPENSES;0.0;0.0;0.0;0.0;0.0;0;0.0;0.0;0;0.0;0.0;0.0;0.0;0.0
3915 Total;;;;;;0.0;74164.11;456907.0;456907.0;568457.03;479172;479172.0;0.0;481172;481172.0;540417.23;483172.0;483172.0;38000.01
3922 Total;;;;;;0.0;685493.46;133883.0;133883.0;91271.47;99276;99276.0;0.0;121845;121845.0;449302.57;121845.0;121845.0;110939.5
3923;RECREATION-NORTH-ZONE 3;H;PARKS & RECREATION;75;INTRAGOVENMENTAL TRA;0.0;107097.94;0.0;0.0;9532.06;0;0.0;0.0;0;0.0;201886.1;0.0;0.0;83371.92
3931;OPEN SPACE-SOUTHWEST-ZONE 1;0;UNDEFINED;75;INTRAGOVENMENTAL TRA;0.0;0.0;0.0;0.0;141937.76;0;0.0;0.0;0;0.0;0.0;0.0;0.0;0.0
3931;OPEN SPACE-SOUTHWEST-ZONE 1;H;PARKS & RECREATION;72;OPERATING EXPENSES;0.0;0.0;0.0;0.0;0.0;0;0.0;0.0;0;0.0;0.0;0.0;0.0;0.0
3931;OPEN SPACE-SOUTHWEST-ZONE 1;H;PARKS & RECREATION;75;INTRAGOVENMENTAL TRA;0.0;27669.0;0.0;0.0;;0;0.0;273956.0;0;0.0;145449.51;0.0;0.0;341363.5
3933;OPEN SPACE-NORTH-ZONE 3;H;PARKS & RECREATION;75;INTRAGOVENMENTAL TRA;0.0;0.0;0.0;0.0;265784.06;0;0.0;14037.69;0;0.0;9632.42;0.0;0.0;18.13
3933;OPEN SPACE-NORTH-ZONE 3;H;PARKS & RECREATION;7F;TRANSFER TO FUND BAL;0.0;0.0;111661.0;111661.0;0.0;39630;39630.0;0.0;39630;39630.0;0.0;39130.0;39130.0;0.0
4191;WATER CAPITAL FACILITIES FUND;0;UNDEFINED;75;INTRAGOVENMENTAL TRA;0.0;0.0;0.0;0.0;0.0;0;0.0;0.0;0;0.0;0.0;0.0;0.0;0.0
4191;WATER CAPITAL FACILITIES FUND;P;WATER MANAGEMENT;75;INTRAGOVENMENTAL TRA;2234220.0;850254.0;1498102.0;2098102.0;0.0;2006000;2006000.0;0.0;2020000;2020000.0;0.0;4771549.0;4771549.0;4771549.0
4191;WATER CAPITAL FACILITIES FUND;P;WATER MANAGEMENT;7F;TRANSFER TO FUND BAL;0.0;0.0;0.0;0.0;0.0;0;0.0;0.0;0;0.0;0.0;0.0;0.0;0.0
4291;SO DURHAM WRF CAPITAL FACILITI;P;WATER MANAGEMENT;7F;TRANSFER TO FUND BAL;0.0;0.0;0.0;0.0;0.0;0;0.0;0.0;0;0.0;0.0;0.0;0.0;0.0
4292;NO DURHAM WRF CAPITAL FACILITI;P;WATER MANAGEMENT;75;INTRAGOVENMENTAL TRA;0.0;488405.0;303236.0;303236.0;233296.75;200500;200500.0;0.0;200500;200500.0;0.0;375000.0;375000.0;375000.0
4293;TRIANGLE BASIN CAPITAL FACILIT;P;WATER MANAGEMENT;72;OPERATING EXPENSES;0.0;0.0;0.0;0.0;0.0;0;0.0;0.0;0;0.0;0.0;0.0;0.0;0.0
4293;TRIANGLE BASIN CAPITAL FACILIT;P;WATER MANAGEMENT;75;INTRAGOVENMENTAL TRA;0.0;0.0;-10832.0;-10832.0;0.0;0;0.0;0.0;0;0.0;0.0;13000.0;13000.0;13000.0
5100;WATER & SEWER OPERATING FUND;0;UNDEFINED;76;NON-CASH ITEMS;0.0;0.0;0.0;0.0;0.0;0;0.0;0.0;0;0.0;0.0;0.0;0.0;0.0
5100;WATER & SEWER OPERATING FUND;0;UNDEFINED;7F;TRANSFER TO FUND BAL;0.0;0.0;0.0;0.0;0.0;0;0.0;0.0;0;0.0;0.0;4641259.0;5086246.42;0.0
5100;WATER & SEWER OPERATING FUND;A;FINANCE;71;PERSONAL SERVICES;181471.05;187691.45;186529.0;186529.0;146651.27;177278;177278.0;182449.18;186577;186577.0;157769.3;189082.0;189082.0;187395.76
5100;WATER & SEWER OPERATING FUND;C;GENERAL SERVICES;73;CAPITAL ASSETS;0.0;0.0;0.0;0.0;0.0;0;0.0;0.0;0;0.0;0.0;0.0;0.0;0.0
5100;WATER & SEWER OPERATING FUND;L;PUBLIC WORKS;71;PERSONAL SERVICES;1970275.37;2207220.6;2481813.0;2548475.0;2521821.83;2606064;2606064.0;2705235.65;2982209;2982209.0;2800415.52;2991068.0;2991068.0;2783026.72
5100;WATER & SEWER OPERATING FUND;L;PUBLIC WORKS;76;NON-CASH ITEMS;0.0;0.0;0.0;0.0;0.0;0;0.0;0.0;0;0.0;0.0;0.0;0.0;0.0
5310;TRANSIT ADMINISTRATION;A;FINANCE;72;OPERATING EXPENSES;0.0;0.0;216300.0;216300.0;216300.0;383563;383563.0;383563.0;324921;324921.0;324921.0;324921.0;324921.0;324921.0
5310;TRANSIT ADMINISTRATION;U;TRANSPORTATION;73;CAPITAL ASSETS;0.0;0.0;0.0;0.0;0.0;0;0.0;0.0;0;80000.0;0.0;55000.0;83994.3;65724.79
5310;TRANSIT ADMINISTRATION;U;TRANSPORTATION;7I;DEBT INTEREST & EXPE;1843.52;103760.68;0.0;0.0;0.0;0;0.0;0.0;0;0.0;0.0;0.0;0.0;0.0
5400;DISPOSAL SERVICES FUND;0;UNDEFINED;72;OPERATING EXPENSES;0.0;0.0;0.0;0.0;0.0;0;0.0;0.0;0;0.0;0.0;0.0;0.0;0.0
5400;DISPOSAL SERVICES FUND;A;FINANCE;7P;DEBT PRINCIPAL;5337460.56;1744977.07;1760318.0;1760318.0;1760317.88;2208100;2208100.0;2208098.92;2203056;2203056.0;2203056.06;3337075.0;5599384.0;5522997.12
5400;DISPOSAL SERVICES FUND;M;SOLID WASTE;75;INTRAGOVENMENTAL TRA;0.0;0.0;0.0;0.0;0.0;0;530899.0;530899.0;747000;747000.0;747000.0;0.0;0.0;0.0
5400;DISPOSAL SERVICES FUND;M;SOLID WASTE;7I;DEBT INTEREST & EXPE;0.0;0.0;0.0;0.0;0.0;0;0.0;0.0;0;0.0;0.0;0.0;0.0;0.0
5400;DISPOSAL SERVICES FUND;P;WATER MANAGEMENT;73;CAPITAL ASSETS;0.0;0.0;0.0;0.0;0.0;0;0.0;0.0;0;0.0;0.0;0.0;0.0;0.0
5400 Total;;;;;;12996292.13;21806595.04;21274774.0;21595829.67;21391393.85;22027781;23304168.11;20020300.73;22768896;23214873.69;21825687.16;20248813.0;23194968.39;20654186.97
5500;STORMWATER;0;UNDEFINED;7F;TRANSFER TO FUND BAL;0.0;0.0;0.0;0.0;0.0;0;0.0;0.0;0;0.0;0.0;922000.0;922000.65;0.0
5500;STORMWATER;L;PUBLIC WORKS;72;OPERATING EXPENSES;1194489.49;1234565.59;1361941.0;1767944.73;1309486.36;1423647;1597484.99;1204469.15;1607904;1970256.18;1544669.52;1670232.0;2056779.48;1340574.1
5500;STORMWATER;M;SOLID WASTE;71;PERSONAL SERVICES;0.0;0.0;0.0;0.0;0.0;0;0.0;0.0;0;0.0;0.0;0.0;0.0;0.0
5500;STORMWATER;M;SOLID WASTE;72;OPERATING EXPENSES;234533.29;232128.72;240000.0;251045.44;184379.96;200000;266665.48;210105.92;244800;299981.56;239475.8;249900.0;310445.03;176188.51
5600;CIVIC CENTER OPERATING FUND;A;FINANCE;75;INTRAGOVENMENTAL TRA;0.0;0.0;0.0;0.0;0.0;0;0.0;0.0;0;0.0;0.0;0.0;0.0;0.0
5600;CIVIC CENTER OPERATING FUND;A;FINANCE;7I;DEBT INTEREST & EXPE;0.0;0.0;0.0;0.0;0.0;0;0.0;0.0;0;0.0;0.0;0.0;0.0;0.0
5600;CIVIC CENTER OPERATING FUND;C;GENERAL SERVICES;72;OPERATING EXPENSES;1455202.32;1183353.65;1737946.0;2046267.09;1757267.42;1652592;1659195.58;2339633.11;1860318;2819936.58;2226790.0;2599885.0;2908095.58;2057487.49
5600;CIVIC CENTER OPERATING FUND;C;GENERAL SERVICES;75;INTRAGOVENMENTAL TRA;2667500.0;0.0;0.0;0.0;0.0;0;0.0;0.0;0;0.0;0.0;0.0;0.0;0.0
5700;BALLPARK OPERATIONS FUND;0;UNDEFINED;76;NON-CASH ITEMS;0.0;0.0;0.0;0.0;0.0;0;0.0;0.0;0;0.0;0.0;0.0;0.0;0.0
5700;BALLPARK OPERATIONS FUND;0;UNDEFINED;7I;DEBT INTEREST & EXPE;0.0;0.0;66693.0;66693.0;66693.0;50753;50753.0;50756.0;33988;33988.0;33988.0;27898.0;27898.0;27898.0
5700;BALLPARK OPERATIONS FUND;C;GENERAL SERVICES;71;PERSONAL SERVICES;167496.38;129942.61;111363.0;111363.0;118639.12;114135;114135.0;82246.07;65476;65476.0;47639.03;0.0;0.0;0.0
5700 Total;;;;;;2274767.04;4003989.13;2083173.0;2197943.67;2061265.79;2284378;2419799.84;2206699.88;1530169;1855660.96;1400818.2;1468405.0;1468745.25;1417404.49
5800;PARKING FACILITIES OPERATING;U;TRANSPORTATION;76;NON-CASH ITEMS;0.0;0.0;0.0;0.0;0.0;0;0.0;0.0;0;0.0;0.0;0.0;0.0;0.0
5800;PARKING FACILITIES OPERATING;U;TRANSPORTATION;7I;DEBT INTEREST & EXPE;0.0;0.0;0.0;0.0;0.0;0;0.0;0.0;0;0.0;0.0;0.0;0.0;0.0
5900;DURHAM PERFORMING ARTS CENTER;A;FINANCE;71;PERSONAL SERVICES;0.0;0.0;0.0;0.0;0.0;0;0.0;0.0;6404;6404.0;0.0;0.0;0.0;0.0
5900;DURHAM PERFORMING ARTS CENTER;A;FINANCE;72;OPERATING EXPENSES;81006.0;82991.0;113526.0;10300.0;4754.05;308262;308262.0;297962.0;301831;301831.0;296831.0;10132.0;10132.0;0.0
6110;CLAIMS PAYMENT FUND;A;FINANCE;72;OPERATING EXPENSES;5216620.21;3630570.79;5914985.0;5963368.97;3212049.22;5741443;7399381.25;6143190.21;5550206;5665986.19;5103799.37;5610095.0;5676495.4;3516608.05
6110;CLAIMS PAYMENT FUND;E;HUMAN RESOURCES;71;PERSONAL SERVICES;0.0;0.0;0.0;0.0;0.0;0;0.0;0.0;0;0.0;0.0;0.0;0.0;0.0
6110;CLAIMS PAYMENT FUND;E;HUMAN RESOURCES;72;OPERATING EXPENSES;0.0;0.0;0.0;0.0;0.0;65000;65000.0;69693.0;65000;65000.0;57008.0;65000.0;65000.0;61602.0
6300;EMPLOYEE INSURANCE FUND;E;HUMAN RESOURCES;71;PERSONAL SERVICES;0.0;0.0;77814.0;77814.0;52050.0;101808;101808.0;86752.79;78660;78660.0;81996.46;80739.0;80739.0;80647.0
6300;EMPLOYEE INSURANCE FUND;E;HUMAN RESOURCES;72;OPERATING EXPENSES;0.0;21331960.65;28855782.0;28855782.0;25725629.21;29022967;29031467.0;28226986.65;29798305;29798305.0;28626487.81;29521778.0;29547176.4;26747616.14
7200;LEO SPECIAL SEPARATION ALLOWAN;K;POLICE;71;PERSONAL SERVICES;1300964.42;1354665.81;1315901.0;1315901.0;1521714.58;1388581;1388581.0;1758741.49;1470216;1470216.0;1876251.98;1541465.0;1541465.0;1778946.46
7300;POST EMPLOYMENT BENEFITS;0;UNDEFINED;72;OPERATING EXPENSES;0.0;0.0;0.0;0.0;0.0;0;0.0;0.0;0;0.0;0.0;0.0;0.0;0.0
7300;POST EMPLOYMENT BENEFITS;A;FINANCE;72;OPERATING EXPENSES;9736.75;0.0;15000.0;15000.0;0.0;16750;16750.0;8994.25;15000;15000.0;0.0;7500.0;7500.0;0.0
0100;GENERAL FUND;3;CITY CLERK;71;PERSONAL SERVICES;516417.63;538198.25;534009.0;534009.0;553998.14;550732;550732.0;564994.58;566457;566957.0;592505.56;574997.0;574997.0;542816.26
0100;GENERAL FUND;5;AUDIT SERVICES;76;NON-CASH ITEMS;0.0;0.0;0.0;0.0;0.0;0;0.0;0.0;2000;2000.0;0.0;0.0;0.0;0.0
0100;GENERAL FUND;A;FINANCE;75;INTRAGOVENMENTAL TRA;15721942.0;22046744.0;21552513.0;21847402.0;21847402.0;0;0.0;0.0;0;0.0;0.0;0.0;0.0;0.0
0100;GENERAL FUND;A;FINANCE;76;NON-CASH ITEMS;0.0;0.0;0.0;0.0;0.0;0;290000.0;0.0;0;0.0;0.0;0.0;0.0;0.0
0100;GENERAL FUND;D;COMMUNITY DEVELOPMENT;72;OPERATING EXPENSES;437799.61;419539.33;453409.0;774241.2;368970.9;455937;768076.52;442624.22;455479;733146.98;482667.27;496023.0;721535.89;613305.97
0100;GENERAL FUND;D;COMMUNITY DEVELOPMENT;76;NON-CASH ITEMS;0.0;0.0;34341.0;34341.0;0.0;2408995;34341.0;0.0;0;0.0;0.0;0.0;0.0;0.0
0100;GENERAL FUND;E;HUMAN RESOURCES;71;PERSONAL SERVICES;;1578065.75;1550209.0;1548209.0;1527811.92;1566609;1566609.0;1533084.08;1600406;1591406.0;1517248.91;1565139.0;1565139.0;1554853.13
0100;GENERAL FUND;F;HUMAN RELATIONS;72;OPERATING EXPENSES;152129.07;18830.62;0.0;0.0;0.0;0;0.0;0.0;0;0.0;0.0;0.0;0.0;0.0
0100;GENERAL FUND;G;CITY/COUNTY INSPECTIONS;73;CAPITAL ASSETS;0.0;7806.6;0.0;0.0;0.0;0;0.0;0.0;0;0.0;0.0;0.0;0.0;0.0
0100;GENERAL FUND;H;PARKS & RECREATION;71;PERSONAL SERVICES;7028513.03;7425770.78;8244853.0;8265477.5;7813658.15;8110362;8242684.22;8052204.88;8349992;8392366.12;7770118.16;8452669.0;8683350.37;7717834.85
0100;GENERAL FUND;H;PARKS & RECREATION;73;CAPITAL ASSETS;35742.81;225577.43;0.0;54671.09;32374.69;15138;40062.0;19107.72;3001;65411.0;64124.4;0.0;734578.0;469229.43
0100;GENERAL FUND;H;PARKS & RECREATION;75;INTRAGOVENMENTAL TRA;25236.0;0.0;0.0;0.0;0.0;0;0.0;0.0;0;0.0;0.0;0.0;0.0;0.0
0100;GENERAL FUND;L;PUBLIC WORKS;71;PERSONAL SERVICES;5673029.04;5171835.27;5215730.0;5340730.0;5418107.48;5286989;5286989.0;4806967.84;4845818;4845818.0;4419833.94;4824310.0;4824310.0;4066185.67
0100;GENERAL FUND;M;SOLID WASTE;72;OPERATING EXPENSES;4679359.54;0.0;0.0;0.01;0.0;0;0.0;0.0;0;0.0;0.0;0.0;0.0;0.0
0100;GENERAL FUND;M;SOLID WASTE;76;NON-CASH ITEMS;0.0;0.0;0.0;0.0;0.0;0;0.0;0.0;0;0.0;0.0;0.0;0.0;0.0
0100;GENERAL FUND;N;TECHNOLOGY SOLUTIONS;71;PERSONAL SERVICES;3228985.86;3348684.88;3461618.0;3519218.0;3260958.23;3684629;3684629.0;3356745.23;3727967;3787168.81;3825899.24;3770049.0;3771355.6;3784660.56
0100;GENERAL FUND;N;TECHNOLOGY SOLUTIONS;72;OPERATING EXPENSES;1823634.29;1792361.35;1971652.0;2533192.95;2115279.97;1969602;2406279.52;2099097.0;1977681;2215693.53;1819979.27;1980081.0;2598878.31;1704313.31
0100;GENERAL FUND;N;TECHNOLOGY SOLUTIONS;75;INTRAGOVENMENTAL TRA;0.0;0.0;0.0;0.0;0.0;48709;48709.0;48709.0;48709;48709.0;48709.0;48709.0;48709.0;48709.0
0100;GENERAL FUND;S;FLEET MANAGEMENT;73;CAPITAL ASSETS;0.0;0.0;0.0;7535.0;7535.0;0;0.0;0.0;95000;99454.0;99444.57;51000.0;64260.0;50281.0
0100;GENERAL FUND;T;NEIGHBORHOOD IMPROVEMENT SERVI;73;CAPITAL ASSETS;13131.0;38796.69;0.0;4479.0;0.0;0;23000.0;0.0;0;19591.0;19591.0;0.0;15000.0;13150.0
0100;GENERAL FUND;U;TRANSPORTATION;72;OPERATING EXPENSES;3382957.21;3558227.26;3494776.0;3701682.72;3536414.94;3878573;4035841.43;3884362.9;4036206;4213881.36;4047350.79;4356069.0;4760221.11;3850208.45
0100;GENERAL FUND;Z;NONDEPARTMENTAL;71;PERSONAL SERVICES;0.0;0.0;0.0;0.0;0.0;677815;40000.0;15000.0;1040387;691427.0;30746.83;1244109.0;1211384.0;20130.13
0100;GENERAL FUND;Z;NONDEPARTMENTAL;72;OPERATING EXPENSES;1622801.58;190001.42;379000.0;758313.38;535976.49;-503287;-633579.03;;-105411;69218.08;;450016.0;1036215.48;731119.57
0100;GENERAL FUND;Z;NONDEPARTMENTAL;75;INTRAGOVENMENTAL TRA;0.0;0.0;0.0;0.0;0.0;15200187;15200187.0;15200187.0;9789300;9789300.0;9789300.0;9680134.0;9680134.0;9680134.0
1470;EMERGENCY TELEPHONE SYSTEM FUN;8;EMERGENCY COMMUNICATION;73;CAPITAL ASSETS;0.0;0.0;0.0;0.0;0.0;0;0.0;29999.0;0;0.0;45350.0;0.0;0.0;0.0
1540;BUSINESS IMPROVEMENT DISTRICT;0;UNDEFINED;72;OPERATING EXPENSES;0.0;0.0;0.0;0.0;0.0;630000;630000.0;583869.81;586558;602558.0;587146.26;668488.0;668488.0;603769.64
1540;BUSINESS IMPROVEMENT DISTRICT;0;UNDEFINED;75;INTRAGOVENMENTAL TRA;0.0;0.0;0.0;0.0;0.0;0;0.0;0.0;0;0.0;0.0;15000.0;15000.0;15000.0
1540;BUSINESS IMPROVEMENT DISTRICT;0;UNDEFINED;76;NON-CASH ITEMS;0.0;0.0;0.0;0.0;0.0;21333;21333.0;0.0;0;0.0;0.0;0.0;0.0;0.0
1940;DEDICATED HOUSING FUND;0;UNDEFINED;72;OPERATING EXPENSES;0.0;0.0;0.0;0.0;0.0;0;0.0;23471.08;27256;27256.0;25899.89;27800.0;27800.0;27168.31
2000;DEBT SERVICE FUND;A;FINANCE;75;INTRAGOVENMENTAL TRA;0.0;0.0;0.0;0.0;0.0;0;0.0;0.0;5141508;5141508.0;5141508.0;7405788.0;7405788.0;7405788.0
3913;STREET-NORTH-ZONE 3;L;PUBLIC WORKS;75;INTRAGOVENMENTAL TRA;0.0;0.0;0.0;0.0;0.0;0;0.0;0.0;0;0.0;32002.0;0.0;0.0;0.0
3913;STREET-NORTH-ZONE 3;L;PUBLIC WORKS;7F;TRANSFER TO FUND BAL;0.0;0.0;24245.0;24245.0;0.0;15525;15525.0;0.0;16525;16525.0;0.0;16525.0;16525.0;0.0
3914;STREET-SOUTHWEST-ZONE 4;L;PUBLIC WORKS;72;OPERATING EXPENSES;0.0;0.0;0.0;0.0;0.0;0;0.0;0.0;0;0.0;0.0;0.0;0.0;0.0
3914;STREET-SOUTHWEST-ZONE 4;L;PUBLIC WORKS;75;INTRAGOVENMENTAL TRA;0.0;80521.77;0.0;0.0;11178.23;0;0.0;491186.46;0;0.0;0.0;0.0;0.0;
3916;STREET-DOWNTOWN-ZONE 6;L;PUBLIC WORKS;72;OPERATING EXPENSES;0.0;0.0;0.0;0.0;0.0;0;0.0;0.0;0;0.0;0.0;0.0;0.0;0.0
3916;STREET-DOWNTOWN-ZONE 6;L;PUBLIC WORKS;7F;TRANSFER TO FUND BAL;0.0;0.0;4674.0;4674.0;0.0;4486;4486.0;0.0;42000;42000.0;0.0;80546.0;80546.0;0.0
3916 Total;;;;;;0.0;0.0;4674.0;4674.0;0.0;4486;4486.0;0.0;42000;42000.0;0.0;80546.0;80546.0;0.0
3932 Total;;;;;;0.0;92821.0;63580.0;63580.0;0.0;59516;59516.0;0.0;74770;74770.0;0.0;75270.0;75270.0;0.0
4150;WATERSHED PROTECTION;P;WATER MANAGEMENT;75;INTRAGOVENMENTAL TRA;0.0;0.0;0.0;0.0;0.0;0;0.0;0.0;0;0.0;0.0;0.0;0.0;0.0
4292 Total;;;;;;0.0;488405.0;303236.0;303236.0;233296.75;200500;200500.0;0.0;200500;200500.0;0.0;375000.0;375000.0;375000.0
5100;WATER & SEWER OPERATING FUND;A;FINANCE;73;CAPITAL ASSETS;0.0;0.0;0.0;0.0;0.0;0;0.0;0.0;0;0.0;0.0;0.0;0.0;0.0
5100;WATER & SEWER OPERATING FUND;P;WATER MANAGEMENT;73;CAPITAL ASSETS;124782.05;114630.0;154000.0;278662.0;90920.99;10000;319554.99;245112.46;0;9130.9;0.0;0.0;79600.0;0.0
5100;WATER & SEWER OPERATING FUND;P;WATER MANAGEMENT;75;INTRAGOVENMENTAL TRA;7000000.0;12400000.0;8070000.0;8070000.0;8070000.0;20000000;19211415.41;19211415.41;15284129;15284129.0;15284129.0;16140000.0;16140000.0;16140000.0
5310;TRANSIT ADMINISTRATION;U;TRANSPORTATION;71;PERSONAL SERVICES;;;0.0;0.0;0.0;0;0.0;0.0;0;0.0;0.0;0.0;0.0;0.0
5310;TRANSIT ADMINISTRATION;U;TRANSPORTATION;7F;TRANSFER TO FUND BAL;0.0;0.0;0.0;0.0;0.0;0;0.0;0.0;88189;88189.0;0.0;0.0;0.0;0.0
5310 Total;;;;;;14206379.29;16083884.06;15465473.0;16010495.91;16381209.9;16203375;16612025.64;16240619.7;17356911;18549538.68;17076576.84;18862127.0;20665597.61;16423689.43
5400;DISPOSAL SERVICES FUND;A;FINANCE;72;OPERATING EXPENSES;153670.0;711670.0;891551.0;869051.0;869051.0;838106;838106.0;834316.0;988213;988213.0;971437.75;1014113.0;1014113.0;1014113.0
5400;DISPOSAL SERVICES FUND;M;SOLID WASTE;73;CAPITAL ASSETS;0.0;0.0;0.0;0.0;0.0;0;0.0;0.0;0;0.0;0.0;0.0;103162.8;0.0
5400;DISPOSAL SERVICES FUND;P;WATER MANAGEMENT;71;PERSONAL SERVICES;4989.21;56818.22;70254.0;80254.0;57841.28;72881;98881.0;87617.76;50176;50176.0;49798.17;51047.0;51047.0;50562.75
5400;DISPOSAL SERVICES FUND;P;WATER MANAGEMENT;72;OPERATING EXPENSES;214957.96;139527.99;207472.0;242239.97;142510.51;205842;222654.31;128684.91;200558;258509.97;204445.81;200558.0;249874.39;107760.06
5500;STORMWATER;0;UNDEFINED;72;OPERATING EXPENSES;0.0;0.0;0.0;0.0;0.0;0;0.0;0.0;0;0.0;0.0;0.0;0.0;0.0
5500;STORMWATER;0;UNDEFINED;76;NON-CASH ITEMS;0.0;0.0;0.0;0.0;0.0;0;3.0;0.0;0;0.0;0.0;0.0;0.0;0.0
5500;STORMWATER;A;FINANCE;75;INTRAGOVENMENTAL TRA;112454.0;87470.0;0.0;67500.0;0.0;0;0.0;0.0;0;0.0;0.0;0.0;0.0;0.0
5500;STORMWATER;L;PUBLIC WORKS;75;INTRAGOVENMENTAL TRA;1050000.0;2413473.0;1906000.0;1906000.0;1906000.0;2206000;2206000.0;2206000.0;3965000;3965000.0;3965000.0;3862000.0;3862000.0;3862000.0
5500;STORMWATER;L;PUBLIC WORKS;76;NON-CASH ITEMS;0.0;0.0;0.0;0.0;0.0;0;0.0;0.0;0;0.0;0.0;0.0;0.0;0.0
5600;CIVIC CENTER OPERATING FUND;A;FINANCE;71;PERSONAL SERVICES;0.0;0.0;0.0;0.0;0.0;0;0.0;0.0;0;0.0;0.0;0.0;0.0;0.0
5600;CIVIC CENTER OPERATING FUND;A;FINANCE;7F;TRANSFER TO FUND BAL;0.0;0.0;0.0;0.0;0.0;0;0.0;0.0;0;0.0;0.0;0.0;0.0;0.0
5600;CIVIC CENTER OPERATING FUND;C;GENERAL SERVICES;71;PERSONAL SERVICES;1497903.72;38680.21;669390.0;669390.0;602235.12;735046;802588.0;1271358.0;890103;116515.0;43777.89;43450.0;43450.0;42483.25
5600;CIVIC CENTER OPERATING FUND;C;GENERAL SERVICES;73;CAPITAL ASSETS;0.0;0.0;62000.0;62000.0;0.0;0;0.0;0.0;0;0.0;0.0;0.0;200000.0;190524.0
5600;CIVIC CENTER OPERATING FUND;C;GENERAL SERVICES;7P;DEBT PRINCIPAL;0.0;0.0;0.0;0.0;0.0;0;0.0;0.0;0;0.0;0.0;0.0;0.0;0.0
5600 Total;;;;;;5695606.04;1297033.86;2544336.0;2888476.87;2434502.54;2414957;2489102.58;;2777740;2936451.58;2270567.89;2643335.0;3151545.58;2290494.74
5700;BALLPARK OPERATIONS FUND;A;FINANCE;7P;DEBT PRINCIPAL;805000.0;2615000.0;775000.0;775000.0;775000.0;905000;905000.0;905000.0;216572;216572.0;216571.5;676571.0;676571.0;676571.5
5700;BALLPARK OPERATIONS FUND;C;GENERAL SERVICES;7I;DEBT INTEREST & EXPE;0.0;0.0;0.0;0.0;0.0;0;0.0;0.0;0;0.0;0.0;0.0;0.0;0.0
5800;PARKING FACILITIES OPERATING;C;GENERAL SERVICES;72;OPERATING EXPENSES;0.0;0.0;0.0;0.0;0.0;0;0.0;0.0;0;0.0;0.0;0.0;0.0;0.0
5800;PARKING FACILITIES OPERATING;U;TRANSPORTATION;73;CAPITAL ASSETS;0.0;0.0;368192.0;68728.36;0.0;363734;363734.0;105951.66;0;179849.58;171349.58;0.0;6353.0;0.0
5900;DURHAM PERFORMING ARTS CENTER;A;FINANCE;75;INTRAGOVENMENTAL TRA;0.0;0.0;0.0;0.0;0.0;0;0.0;0.0;0;0.0;0.0;0.0;0.0;0.0
5900;DURHAM PERFORMING ARTS CENTER;A;FINANCE;7P;DEBT PRINCIPAL;650000.0;685000.0;720000.0;720000.0;720000.0;755000;755000.0;755000.0;795000;795000.0;795000.0;890000.0;33365000.0;31569683.39
5900;DURHAM PERFORMING ARTS CENTER;C;GENERAL SERVICES;73;CAPITAL ASSETS;0.0;164107.77;0.0;0.0;0.0;0;0.0;0.0;0;0.0;0.0;648000.0;496229.28;46914.49
5900 Total;;;;;;2769242.0;3359645.77;3146145.0;3041246.0;3021257.43;3375831;3475831.0;3436197.0;3742771;4642771.0;4585609.83;3725486.0;36206086.0;32973333.91
5910;DPAC REPAIR AND MAINTENANCE;C;GENERAL SERVICES;7F;TRANSFER TO FUND BAL;0.0;0.0;194697.0;84648.0;0.0;262751;140000.0;0.0;0;0.0;0.0;0.0;0.0;0.0
6110;CLAIMS PAYMENT FUND;0;UNDEFINED;76;NON-CASH ITEMS;0.0;0.0;0.0;0.0;0.0;0;0.0;0.0;2636;2636.0;0.0;0.0;0.0;0.0
6110;CLAIMS PAYMENT FUND;A;FINANCE;71;PERSONAL SERVICES;0.0;0.0;0.0;0.0;0.0;0;0.0;0.0;406379;406379.0;344461.24;390641.0;390641.0;358465.78
7100;CEMETERY PERPETUAL CARE FUND;0;UNDEFINED;75;INTRAGOVENMENTAL TRA;0.0;0.0;0.0;244581.0;244581.0;100000;100000.0;100000.0;0;0.0;0.0;340000.0;340000.0;340000.0
7200;LEO SPECIAL SEPARATION ALLOWAN;0;UNDEFINED;71;PERSONAL SERVICES;0.0;0.0;0.0;0.0;0.0;0;0.0;0.0;0;0.0;0.0;0.0;0.0;0.0
7200 Total;;;;;;1302087.42;1355765.81;1317101.0;1317101.0;1522820.08;1389781;1389781.0;1759862.74;1471416;1471416.0;1877451.98;1542665.0;1542665.0;1780156.96
7300;POST EMPLOYMENT BENEFITS;0;UNDEFINED;71;PERSONAL SERVICES;0.0;0.0;0.0;0.0;0.0;0;0.0;0.0;0;0.0;0.0;0.0;0.0;0.0
Grand Total;;;;;;344733023.06;401361751.89;399904144.0;431269155.0;402283338.93;410518643;435603350.2;401878016.45;415224469;431275307.0;404429891.58;428245218.0;536043008.23;478296164.99
0100;GENERAL FUND;0;UNDEFINED;7P;DEBT PRINCIPAL;0.0;0.0;0.0;0.0;0.0;0;0.0;0.0;0;0.0;0.0;0.0;0.0;0.0
0100;GENERAL FUND;2;CITY MANAGER;76;NON-CASH ITEMS;0.0;0.0;0.0;0.0;0.0;0;0.0;0.0;0;0.0;0.0;0.0;0.0;0.0
0100;GENERAL FUND;8;EMERGENCY COMMUNICATION;76;NON-CASH ITEMS;0.0;0.0;0.0;0.0;0.0;0;0.0;0.0;0;0.0;0.0;0.0;0.0;0.0
0100;GENERAL FUND;B;FIRE;76;NON-CASH ITEMS;0.0;0.0;0.0;0.0;0.0;0;0.0;0.0;0;0.0;0.0;0.0;0.0;0.0
0100;GENERAL FUND;D;COMMUNITY DEVELOPMENT;71;PERSONAL SERVICES;949472.74;969888.92;1120247.0;1120247.0;1035950.09;1306790;1306790.0;1253476.92;1366259;1366259.0;1346529.46;1297873.0;1297873.0;1389424.07
0100;GENERAL FUND;E;HUMAN RESOURCES;75;INTRAGOVENMENTAL TRA;0.0;0.0;0.0;0.0;0.0;0;0.0;0.0;0;0.0;0.0;0.0;0.0;0.0
0100;GENERAL FUND;R;EMERGENCY MANAGEMENT;72;OPERATING EXPENSES;296611.25;194152.58;182918.0;187918.0;173804.14;185205;185205.0;185205.0;197348;197348.0;197348.0;202589.0;202589.0;192369.88
0100;GENERAL FUND;S;FLEET MANAGEMENT;71;PERSONAL SERVICES;3046245.83;3094096.71;3168589.0;3168589.0;3052025.72;3212007;3212007.0;3021114.18;3197980;3197980.0;3086979.76;3233606.0;3233606.0;2967620.09
0100;GENERAL FUND;T;NEIGHBORHOOD IMPROVEMENT SERVI;72;OPERATING EXPENSES;614363.94;612978.03;657918.0;795131.29;607704.42;683857;802420.8;716162.29;727197;795720.39;685582.5;759373.0;837939.02;588021.58
0100;GENERAL FUND;U;TRANSPORTATION;71;PERSONAL SERVICES;2662300.06;2929788.4;2988145.0;2988145.0;3046865.61;3091514;3091514.0;3079550.47;3205636;3205636.0;3186820.7;3229001.0;3229001.0;3236309.17
0100;GENERAL FUND;U;TRANSPORTATION;75;INTRAGOVENMENTAL TRA;271844.0;271844.0;310844.0;310844.0;310844.0;310844;310844.0;310844.0;310844;310844.0;310844.0;310844.0;310844.0;218112.0
0100;GENERAL FUND;Z;NONDEPARTMENTAL;76;NON-CASH ITEMS;0.0;0.0;56886.0;52299.0;0.0;40000;74417.0;0.0;40000;3476.25;0.0;40000.0;32949.12;0.0
1470;EMERGENCY TELEPHONE SYSTEM FUN;0;UNDEFINED;76;NON-CASH ITEMS;0.0;0.0;0.0;0.0;0.0;0;0.0;0.0;0;0.0;0.0;0.0;0.0;0.0
1470;EMERGENCY TELEPHONE SYSTEM FUN;8;EMERGENCY COMMUNICATION;72;OPERATING EXPENSES;1482996.8;1340743.78;1749159.0;2273738.96;1995664.46;1609843;1922696.92;1280744.68;1395117;1645001.48;1505097.65;2001217.0;2293786.28;1767367.26
1470;EMERGENCY TELEPHONE SYSTEM FUN;8;EMERGENCY COMMUNICATION;75;INTRAGOVENMENTAL TRA;0.0;0.0;0.0;0.0;0.0;0;0.0;453153.0;0;0.0;0.0;0.0;0.0;0.0
1540 Total;;;;;;0.0;0.0;0.0;0.0;0.0;651333;651333.0;583869.81;586558;602558.0;587146.26;683488.0;683488.0;618769.64
1940;DEDICATED HOUSING FUND;D;COMMUNITY DEVELOPMENT;76;NON-CASH ITEMS;0.0;0.0;0.0;0.0;0.0;0;636171.0;0.0;830500;0.0;0.0;74000.0;0.0;0.0
2000;DEBT SERVICE FUND;A;FINANCE;72;OPERATING EXPENSES;0.0;0.0;0.0;0.0;286849.93;0;296590.0;293774.15;395487;395487.0;375621.43;424631.0;424631.0;424295.09
3911;STREET-SOUTHWEST-ZONE 1;L;PUBLIC WORKS;75;INTRAGOVENMENTAL TRA;0.0;0.0;0.0;0.0;0.0;0;0.0;135654.98;0;0.0;0.0;0.0;0.0;0.0
3911 Total;;;;;;55889.58;0.0;12913.0;12913.0;0.0;19599;19599.0;135654.98;35374;35374.0;0.0;35374.0;35374.0;0.0
3912;STREET-EAST-ZONE 2;L;PUBLIC WORKS;7F;TRANSFER TO FUND BAL;0.0;0.0;16803.0;16803.0;0.0;11000;11000.0;0.0;19241;19241.0;0.0;19241.0;19241.0;0.0
3912 Total;;;;;;0.0;0.0;16803.0;16803.0;0.0;11000;11000.0;0.0;19241;19241.0;0.0;19241.0;19241.0;0.0
3914;STREET-SOUTHWEST-ZONE 4;L;PUBLIC WORKS;7F;TRANSFER TO FUND BAL;0.0;0.0;551614.0;551614.0;0.0;813141;813141.0;0.0;819141;819141.0;0.0;819141.0;819141.0;0.0
3915;STREET-NORTH/EAST-ZONE 5;L;PUBLIC WORKS;72;OPERATING EXPENSES;0.0;0.0;0.0;0.0;0.0;0;0.0;0.0;0;0.0;0.0;0.0;0.0;0.0
3921;RECREATION-SOUTHWEST-ZONE 1;H;PARKS & RECREATION;7F;TRANSFER TO FUND BAL;0.0;0.0;236371.0;236371.0;0.0;161018;161018.0;0.0;199773;199773.0;0.0;199773.0;199773.0;0.0
3921 Total;;;;;;0.0;181981.16;236371.0;236371.0;109261.69;161018;161018.0;0.0;199773;199773.0;1101773.51;199773.0;199773.0;17244.55
3922;RECREATION-EAST-ZONE 2;H;PARKS & RECREATION;75;INTRAGOVENMENTAL TRA;0.0;685493.46;0.0;0.0;91271.47;0;0.0;0.0;0;0.0;449302.57;0.0;0.0;110939.5
3922;RECREATION-EAST-ZONE 2;H;PARKS & RECREATION;7F;TRANSFER TO FUND BAL;0.0;0.0;133883.0;133883.0;0.0;99276;99276.0;0.0;121845;121845.0;0.0;121845.0;121845.0;0.0
3923;RECREATION-NORTH-ZONE 3;H;PARKS & RECREATION;72;OPERATING EXPENSES;0.0;0.0;0.0;0.0;0.0;0;0.0;0.0;0;0.0;0.0;0.0;0.0;0.0
3931;OPEN SPACE-SOUTHWEST-ZONE 1;H;PARKS & RECREATION;7F;TRANSFER TO FUND BAL;0.0;0.0;73998.0;73998.0;0.0;84162;84162.0;0.0;105702;105702.0;0.0;105202.0;105202.0;0.0
3933;OPEN SPACE-NORTH-ZONE 3;H;PARKS & RECREATION;72;OPERATING EXPENSES;0.0;0.0;0.0;0.0;0.0;0;0.0;0.0;0;0.0;0.0;0.0;0.0;0.0
3933 Total;;;;;;0.0;0.0;111661.0;111661.0;265784.06;39630;39630.0;14037.69;39630;39630.0;9632.42;39130.0;39130.0;18.13
4150;WATERSHED PROTECTION;0;UNDEFINED;75;INTRAGOVENMENTAL TRA;0.0;0.0;0.0;0.0;0.0;100000;100000.0;0.0;100000;100000.0;100000.0;100000.0;100000.0;100000.0
4191;WATER CAPITAL FACILITIES FUND;P;WATER MANAGEMENT;76;NON-CASH ITEMS;0.0;0.0;0.0;0.0;0.0;0;0.0;0.0;0;0.0;0.0;0.0;0.0;0.0
4191 Total;;;;;;2234220.0;850254.0;1498102.0;2098102.0;0.0;2006000;2006000.0;0.0;2020000;2020000.0;0.0;4771549.0;4771549.0;4771549.0
4293;TRIANGLE BASIN CAPITAL FACILIT;0;UNDEFINED;75;INTRAGOVENMENTAL TRA;0.0;0.0;0.0;0.0;0.0;0;0.0;0.0;0;0.0;0.0;0.0;0.0;0.0
5100;WATER & SEWER OPERATING FUND;0;UNDEFINED;7I;DEBT INTEREST & EXPE;0.0;0.0;0.0;0.0;0.0;0;0.0;0.0;0;0.0;0.0;0.0;0.0;0.0
5100;WATER & SEWER OPERATING FUND;A;FINANCE;72;OPERATING EXPENSES;7164141.69;7018672.36;8008427.0;7549215.9;7548611.99;7050855;7050855.0;7020045.94;7390677;7390781.0;7342586.39;7427944.0;7427944.0;7427169.59
5100;WATER & SEWER OPERATING FUND;A;FINANCE;75;INTRAGOVENMENTAL TRA;357598.0;357598.0;1664556.0;0.0;0.0;0;0.0;0.0;0;0.0;0.0;0.0;0.0;0.0
5100;WATER & SEWER OPERATING FUND;L;PUBLIC WORKS;72;OPERATING EXPENSES;116092.68;172205.8;176939.0;224938.66;132476.8;180972;217005.05;146982.5;199654;233300.03;165655.41;283764.0;287893.82;226414.91
5100;WATER & SEWER OPERATING FUND;L;PUBLIC WORKS;73;CAPITAL ASSETS;62487.93;0.0;0.0;1667.5;0.0;0;0.0;0.0;7500;2997.8;0.0;0.0;31452.0;0.0
5310;TRANSIT ADMINISTRATION;A;FINANCE;7P;DEBT PRINCIPAL;0.0;0.0;115963.0;115963.0;115962.99;115963;115963.0;115962.99;115963;115963.0;115963.0;115963.0;115963.0;115963.0
5310;TRANSIT ADMINISTRATION;U;TRANSPORTATION;72;OPERATING EXPENSES;12724706.03;14801721.11;14136948.0;14260087.91;14747754.81;14390437;14701671.14;14330265.59;15645589;16758216.68;15453444.76;17096566.0;17861481.4;13865878.42
5400;DISPOSAL SERVICES FUND;0;UNDEFINED;7F;TRANSFER TO FUND BAL;0.0;0.0;0.0;0.0;0.0;0;0.0;0.0;0;0.0;0.0;0.0;0.0;0.0
5400;DISPOSAL SERVICES FUND;A;FINANCE;7I;DEBT INTEREST & EXPE;1132931.16;885111.43;861049.0;883549.0;825854.95;807405;807405.0;786923.63;837650;837650.0;816252.86;864373.0;1002064.0;812446.8
5500;STORMWATER;C;GENERAL SERVICES;71;PERSONAL SERVICES;0.0;0.0;0.0;0.0;0.0;0;0.0;0.0;0;0.0;0.0;0.0;0.0;0.0
5500;STORMWATER;M;SOLID WASTE;73;CAPITAL ASSETS;0.0;0.0;0.0;0.0;0.0;0;0.0;0.0;0;0.0;0.0;0.0;0.0;0.0
5500 Total;;;;;;8508057.39;10254686.97;11459193.0;11941980.95;10869532.5;12961535;13187129.72;11975333.1;13642818;14027942.18;13213468.09;14988907.0;15419000.16;12864685.86
5600;CIVIC CENTER OPERATING FUND;0;UNDEFINED;75;INTRAGOVENMENTAL TRA;0.0;0.0;0.0;35819.78;0.0;0;0.0;0.0;0;0.0;0.0;0.0;0.0;0.0
5600;CIVIC CENTER OPERATING FUND;A;FINANCE;72;OPERATING EXPENSES;75000.0;75000.0;75000.0;75000.0;75000.0;27319;27319.0;27319.0;27319;0.0;0.0;0.0;0.0;0.0
5600;CIVIC CENTER OPERATING FUND;A;FINANCE;7P;DEBT PRINCIPAL;0.0;0.0;0.0;0.0;0.0;0;0.0;0.0;0;0.0;0.0;0.0;0.0;0.0
5700;BALLPARK OPERATIONS FUND;0;UNDEFINED;7F;TRANSFER TO FUND BAL;0.0;0.0;0.0;0.0;0.0;0;0.0;0.0;100000;100000.0;0.0;51000.0;51000.0;0.0
5700;BALLPARK OPERATIONS FUND;C;GENERAL SERVICES;7P;DEBT PRINCIPAL;0.0;0.0;0.0;0.0;0.0;0;0.0;0.0;0;0.0;0.0;0.0;0.0;0.0
5800;PARKING FACILITIES OPERATING;U;TRANSPORTATION;71;PERSONAL SERVICES;60041.47;63295.39;62608.0;62608.0;65148.39;64155;64155.0;33326.98;121369;121369.0;78807.85;146435.0;146435.0;136411.46
5800 Total;;;;;;2148533.76;2233413.64;2175619.0;2204944.34;1583046.32;2412405;2822182.33;2398847.99;4658357;4977942.37;4804961.04;4790041.0;6119422.53;5785366.39
5900;DURHAM PERFORMING ARTS CENTER;A;FINANCE;7I;DEBT INTEREST & EXPE;1838236.0;1804956.0;1769610.0;1769610.0;1769610.0;1732098;1732098.0;1732098.0;1692536;1692536.0;1692536.0;1650719.0;1650719.0;1099365.66
5900;DURHAM PERFORMING ARTS CENTER;C;GENERAL SERVICES;72;OPERATING EXPENSES;0.0;0.0;0.0;108376.0;93933.38;121471;121471.0;92137.0;130000;130000.0;84242.83;258632.0;416002.72;257370.37
5910;DPAC REPAIR AND MAINTENANCE;C;GENERAL SERVICES;72;OPERATING EXPENSES;56342.82;299405.64;350000.0;350000.0;141850.12;197249;320000.0;256499.54;620000;629440.0;246157.08;0.0;0.0;0.0
6110 Total;;;;;;5216620.21;4409412.79;5914985.0;6148832.97;3397513.22;5806443;7464381.25;6212883.21;6024221;6140001.19;5505268.61;6065736.0;6132136.4;3936675.83
7300 Total;;;;;;3528183.12;4312664.21;4867414.0;4867414.0;4548324.05;4644619;4644619.0;4598804.35;4619194;4619194.0;4441367.43;4450272.0;4450272.0;3606823.9
0100;GENERAL FUND;1;COUNCIL;72;OPERATING EXPENSES;502909.7;266179.23;680947.0;693371.12;443953.44;328972;321247.45;270739.36;701508;701736.21;615762.35;371408.0;367479.0;304541.15
0100;GENERAL FUND;1;COUNCIL;73;CAPITAL ASSETS;0.0;0.0;0.0;0.0;0.0;0;0.0;0.0;0;0.0;0.0;0.0;0.0;0.0
0100;GENERAL FUND;3;CITY CLERK;73;CAPITAL ASSETS;0.0;0.0;0.0;0.0;0.0;0;0.0;0.0;0;0.0;0.0;0.0;0.0;0.0
0100;GENERAL FUND;3;CITY CLERK;76;NON-CASH ITEMS;0.0;0.0;0.0;0.0;0.0;0;0.0;0.0;0;0.0;0.0;0.0;0.0;0.0
0100;GENERAL FUND;6;BUDGET AND MANAGEMENT SERVICES;76;NON-CASH ITEMS;0.0;0.0;0.0;0.0;0.0;10133;10133.0;0.0;0;0.0;0.0;0.0;0.0;0.0
0100;GENERAL FUND;7;ECONOMIC & WORKFORCE DEVELOPM;71;PERSONAL SERVICES;816316.71;954712.18;960251.0;986019.92;957641.0;1023730;1062736.97;1002824.59;1127967;1158676.0;1094453.48;1057533.0;1057533.0;1017518.7
0100;GENERAL FUND;7;ECONOMIC & WORKFORCE DEVELOPM;75;INTRAGOVENMENTAL TRA;0.0;206000.0;100000.0;100000.0;100000.0;101000;101000.0;101000.0;0;0.0;0.0;0.0;0.0;0.0
0100;GENERAL FUND;8;EMERGENCY COMMUNICATION;72;OPERATING EXPENSES;275266.21;341472.45;337238.0;368605.19;341345.84;482758;491010.59;469172.79;516058;523491.52;501114.11;543798.0;559761.9;451440.29
0100;GENERAL FUND;9;EQUAL OPP & EQUITY ASSURANCE;71;PERSONAL SERVICES;467277.64;474006.06;469904.0;476904.0;481959.36;483275;483275.0;484727.1;487553;487553.0;503304.09;496620.0;496620.0;456939.48
0100;GENERAL FUND;9;EQUAL OPP & EQUITY ASSURANCE;73;CAPITAL ASSETS;0.0;0.0;0.0;0.0;0.0;0;0.0;0.0;0;0.0;0.0;0.0;0.0;0.0
0100;GENERAL FUND;A;FINANCE;72;OPERATING EXPENSES;2201419.08;3615506.78;6996847.0;1369443.01;806173.35;2075718;1830104.77;1410150.38;1513891;1558955.93;1236500.14;1643823.0;1755615.49;1217033.52
0100;GENERAL FUND;A;FINANCE;7P;DEBT PRINCIPAL;29306103.59;18482000.0;310000.0;16052218.52;16052218.94;0;0.0;0.0;0;0.0;0.0;0.0;0.0;0.0
0100;GENERAL FUND;C;GENERAL SERVICES;73;CAPITAL ASSETS;13727.52;6177.0;7400.0;28962.91;16372.18;9316;30695.26;21295.04;7400;13230.1;8727.58;4000.0;4000.0;0.0
0100;GENERAL FUND;C;GENERAL SERVICES;75;INTRAGOVENMENTAL TRA;39195.0;0.0;0.0;0.0;0.0;0;0.0;0.0;0;0.0;0.0;0.0;0.0;0.0
0100;GENERAL FUND;E;HUMAN RESOURCES;73;CAPITAL ASSETS;0.0;0.0;0.0;0.0;0.0;2977;2977.0;0.0;0;0.0;0.0;0.0;0.0;0.0
0100;GENERAL FUND;G;CITY/COUNTY INSPECTIONS;72;OPERATING EXPENSES;156833.74;160106.48;251526.0;273372.17;182345.7;260786;262115.48;216752.92;263241;265607.56;205850.73;271041.0;250041.0;164450.51
0100;GENERAL FUND;H;PARKS & RECREATION;72;OPERATING EXPENSES;1848335.84;2198930.13;2335667.0;2701368.39;2135194.55;2368810;2654717.78;2180977.45;2330390;2586169.48;2086481.44;2346145.0;2749970.9;2023643.14
0100;GENERAL FUND;K;POLICE;71;PERSONAL SERVICES;42571888.96;44047475.53;44241992.0;44241992.0;45374786.92;45573106;46210921.0;45445209.32;47271867;47271867.0;46461144.22;48094665.0;47577178.0;45556455.73
0100;GENERAL FUND;K;POLICE;72;OPERATING EXPENSES;4118314.69;4461376.68;5002032.0;5171446.64;4893317.48;5905872;6116559.52;5369128.26;5522257;5854067.74;5413302.77;5916462.0;6357929.8;5140926.3
0100;GENERAL FUND;K;POLICE;73;CAPITAL ASSETS;0.0;0.0;0.0;7999.0;7999.0;0;22520.83;19890.83;0;4612.07;2006.73;50000.0;52600.0;46462.89
0100;GENERAL FUND;K;POLICE;76;NON-CASH ITEMS;0.0;0.0;0.0;115000.0;0.0;0;0.0;0.0;94455;9058.0;0.0;0.0;125000.0;0.0
0100;GENERAL FUND;T;NEIGHBORHOOD IMPROVEMENT SERVI;71;PERSONAL SERVICES;1838237.37;2102858.12;2300197.0;2615347.0;2695202.76;2725956;2604526.0;2571932.41;2724177;2737992.0;2641907.35;2691554.0;2686554.0;2561454.62
0100;GENERAL FUND;U;TRANSPORTATION;73;CAPITAL ASSETS;0.0;0.0;164000.0;164000.0;34642.84;102000;2000.0;0.0;50000;265.64;0.0;147500.0;147500.0;27938.5
0100;GENERAL FUND;Z;NONDEPARTMENTAL;73;CAPITAL ASSETS;0.0;0.0;0.0;1.0;0.0;0;0.0;0.0;0;0.0;0.0;0.0;0.0;0.0
1470;EMERGENCY TELEPHONE SYSTEM FUN;0;UNDEFINED;7F;TRANSFER TO FUND BAL;0.0;0.0;0.0;0.0;0.0;4000;4000.0;0.0;0;100.0;0.0;0.0;0.0;0.0
1470;EMERGENCY TELEPHONE SYSTEM FUN;8;EMERGENCY COMMUNICATION;71;PERSONAL SERVICES;179070.48;197148.68;223491.0;223491.0;0.0;186488;186488.0;0.0;181607;181607.0;0.0;227208.0;227208.0;118302.84
1470;EMERGENCY TELEPHONE SYSTEM FUN;8;EMERGENCY COMMUNICATION;76;NON-CASH ITEMS;0.0;0.0;0.0;0.0;0.0;0;0.0;0.0;0;0.0;0.0;0.0;0.0;0.0
1940;DEDICATED HOUSING FUND;0;UNDEFINED;7F;TRANSFER TO FUND BAL;0.0;0.0;0.0;0.0;0.0;0;0.0;0.0;458864;198864.0;0.0;0.0;0.0;0.0
2000;DEBT SERVICE FUND;A;FINANCE;7I;DEBT INTEREST & EXPE;0.0;9840702.88;11332036.0;12010230.0;10736051.91;11181344;11608582.88;10441627.87;10229616;10467986.0;10074016.91;9472708.0;10349395.0;9506933.32
2000 Total;;;;;;0.0;24723778.46;29030449.0;37178303.0;33703314.84;33525067;48087327.5;47322555.94;40672629;44910999.0;44461682.46;43069510.0;95069510.0;93931388.02
3911;STREET-SOUTHWEST-ZONE 1;L;PUBLIC WORKS;7F;TRANSFER TO FUND BAL;0.0;0.0;12913.0;12913.0;0.0;19599;19599.0;0.0;35374;35374.0;0.0;35374.0;35374.0;0.0
3914 Total;;;;;;0.0;80521.77;551614.0;551614.0;11178.23;813141;813141.0;491186.46;819141;819141.0;0.0;819141.0;819141.0;
3915;STREET-NORTH/EAST-ZONE 5;L;PUBLIC WORKS;75;INTRAGOVENMENTAL TRA;0.0;74164.11;0.0;0.0;568457.03;0;0.0;0.0;0;0.0;540417.23;0.0;0.0;38000.01
3921;RECREATION-SOUTHWEST-ZONE 1;H;PARKS & RECREATION;72;OPERATING EXPENSES;0.0;0.0;0.0;0.0;0.0;0;0.0;0.0;0;0.0;0.0;0.0;0.0;0.0
3921;RECREATION-SOUTHWEST-ZONE 1;H;PARKS & RECREATION;75;INTRAGOVENMENTAL TRA;0.0;181981.16;0.0;0.0;109261.69;0;0.0;0.0;0;0.0;1101773.51;0.0;0.0;17244.55
3922;RECREATION-EAST-ZONE 2;H;PARKS & RECREATION;72;OPERATING EXPENSES;0.0;0.0;0.0;0.0;0.0;0;0.0;0.0;0;0.0;0.0;0.0;0.0;0.0
3923 Total;;;;;;0.0;107097.94;208000.0;208000.0;9532.06;68612;68612.0;0.0;69112;69112.0;201886.1;68612.0;68612.0;83371.92
3931 Total;;;;;;0.0;27669.0;73998.0;73998.0;135385.0;84162;84162.0;273956.0;105702;105702.0;145449.51;105202.0;105202.0;341363.5
3932;OPEN SPACE-EAST-ZONE 2;H;PARKS & RECREATION;72;OPERATING EXPENSES;0.0;0.0;0.0;0.0;0.0;0;0.0;0.0;0;0.0;0.0;0.0;0.0;0.0
3932;OPEN SPACE-EAST-ZONE 2;H;PARKS & RECREATION;75;INTRAGOVENMENTAL TRA;0.0;92821.0;0.0;0.0;0.0;0;0.0;0.0;0;0.0;0.0;0.0;0.0;0.0
4150 Total;;;;;;0.0;0.0;0.0;0.0;0.0;100000;100000.0;0.0;100000;100000.0;100000.0;100000.0;100000.0;100000.0
4293 Total;;;;;;0.0;0.0;-10832.0;-10832.0;0.0;0;0.0;0.0;0;0.0;0.0;13000.0;13000.0;13000.0
5100;WATER & SEWER OPERATING FUND;6;BUDGET AND MANAGEMENT SERVICES;71;PERSONAL SERVICES;0.0;0.0;0.0;0.0;0.0;0;0.0;0.0;0;0.0;0.0;0.0;0.0;0.0
5100;WATER & SEWER OPERATING FUND;A;FINANCE;76;NON-CASH ITEMS;0.0;0.0;0.0;0.0;0.0;0;0.0;0.0;0;0.0;0.0;0.0;0.0;0.0
5100;WATER & SEWER OPERATING FUND;A;FINANCE;7I;DEBT INTEREST & EXPE;4589748.01;4365695.18;7000696.0;7000696.0;5611596.85;5502835;6102835.0;5551797.18;5498953;5498953.0;4969283.75;4893608.0;5152309.0;4482915.76
5100 Total;;;;;;70374966.8;79244671.84;81945663.0;83832532.04;77820240.73;89901503;91598933.59;86821015.39;86330391;88759142.6;82869598.16;85291336.0;94717175.25;80147816.85
5310;TRANSIT ADMINISTRATION;U;TRANSPORTATION;76;NON-CASH ITEMS;0.0;0.0;0.0;0.0;0.0;0;0.0;0.0;0;0.0;0.0;0.0;0.0;0.0
5400;DISPOSAL SERVICES FUND;0;UNDEFINED;75;INTRAGOVENMENTAL TRA;0.0;0.0;0.0;0.0;0.0;0;0.0;0.0;2663211;2663211.0;2663211.0;0.0;15753.0;15753.0
5400;DISPOSAL SERVICES FUND;0;UNDEFINED;76;NON-CASH ITEMS;0.0;0.0;0.0;0.0;0.0;0;0.0;0.0;0;0.0;0.0;0.0;0.0;0.0
5400;DISPOSAL SERVICES FUND;M;SOLID WASTE;71;PERSONAL SERVICES;459760.33;6462525.16;6332295.0;6332295.0;6002179.04;6274533;6274533.0;6130296.44;6267654;6267654.0;6254826.34;6159049.0;6153823.0;5891868.2
5400;DISPOSAL SERVICES FUND;M;SOLID WASTE;72;OPERATING EXPENSES;5692522.91;11805965.17;11151835.0;11428122.7;11733639.19;11519914;12323589.8;9313464.07;8811378;9199403.72;7915659.17;8602598.0;8997747.2;7238686.04
5400;DISPOSAL SERVICES FUND;M;SOLID WASTE;76;NON-CASH ITEMS;0.0;0.0;0.0;0.0;0.0;101000;0.0;0.0;0;0.0;0.0;20000.0;8000.0;0.0
5400;DISPOSAL SERVICES FUND;M;SOLID WASTE;7P;DEBT PRINCIPAL;0.0;0.0;0.0;0.0;0.0;0;0.0;0.0;0;0.0;0.0;0.0;0.0;0.0
5500;STORMWATER;A;FINANCE;72;OPERATING EXPENSES;958391.57;797642.0;1482940.0;1015194.0;1015194.0;1065627;1053327.0;1048893.0;1114306;1114306.0;1111490.25;1134462.0;1134462.0;1134462.0
5500;STORMWATER;L;PUBLIC WORKS;71;PERSONAL SERVICES;4958189.04;5489407.66;6334200.0;6334200.0;5879427.87;6489776;6489776.0;5740581.03;6277808;6258808.0;5959832.52;6420313.0;6408643.0;5639793.25
5500;STORMWATER;L;PUBLIC WORKS;7F;TRANSFER TO FUND BAL;0.0;0.0;0.0;0.0;0.0;0;0.0;0.0;0;0.0;0.0;0.0;0.0;0.0
5600;CIVIC CENTER OPERATING FUND;A;FINANCE;73;CAPITAL ASSETS;0.0;0.0;0.0;0.0;0.0;0;0.0;0.0;0;0.0;0.0;0.0;0.0;0.0
5600;CIVIC CENTER OPERATING FUND;C;GENERAL SERVICES;76;NON-CASH ITEMS;0.0;0.0;0.0;0.0;0.0;0;0.0;0.0;0;0.0;0.0;0.0;0.0;0.0
5600;CIVIC CENTER OPERATING FUND;C;GENERAL SERVICES;7I;DEBT INTEREST & EXPE;0.0;0.0;0.0;0.0;0.0;0;0.0;0.0;0;0.0;0.0;0.0;0.0;0.0
5700;BALLPARK OPERATIONS FUND;0;UNDEFINED;72;OPERATING EXPENSES;0.0;0.0;0.0;0.0;0.0;0;0.0;0.0;0;0.0;0.0;0.0;0.0;0.0
5700;BALLPARK OPERATIONS FUND;A;FINANCE;71;PERSONAL SERVICES;0.0;0.0;0.0;0.0;0.0;0;0.0;0.0;0;0.0;0.0;0.0;0.0;0.0
5700;BALLPARK OPERATIONS FUND;A;FINANCE;75;INTRAGOVENMENTAL TRA;304526.0;293700.0;0.0;0.0;0.0;0;0.0;0.0;0;0.0;0.0;0.0;0.0;0.0
5700;BALLPARK OPERATIONS FUND;A;FINANCE;7I;DEBT INTEREST & EXPE;255655.46;204504.12;60750.0;60750.0;38125.0;22625;22625.0;22625.0;496807;626807.0;484561.54;596120.0;596120.0;596118.99
5700;BALLPARK OPERATIONS FUND;C;GENERAL SERVICES;73;CAPITAL ASSETS;0.0;14999.4;0.0;0.0;0.0;0;0.0;0.0;0;0.0;0.0;0.0;0.0;0.0
5700;BALLPARK OPERATIONS FUND;C;GENERAL SERVICES;75;INTRAGOVENMENTAL TRA;0.0;0.0;0.0;0.0;0.0;0;0.0;0.0;0;0.0;0.0;0.0;0.0;0.0
5800;PARKING FACILITIES OPERATING;A;FINANCE;72;OPERATING EXPENSES;16750.0;16750.0;16750.0;16750.0;16750.0;459806;459806.0;459806.0;459550;459550.0;459077.62;459202.0;459202.0;459202.0
5800;PARKING FACILITIES OPERATING;A;FINANCE;7P;DEBT PRINCIPAL;905000.0;950000.0;0.0;0.0;0.0;0;0.0;0.0;1380690;1380690.0;1416168.62;1396438.0;2479051.0;2411639.49
5800;PARKING FACILITIES OPERATING;U;TRANSPORTATION;7F;TRANSFER TO FUND BAL;0.0;0.0;246953.0;246953.0;0.0;0;0.0;0.0;232786;43336.33;0.0;0.0;0.0;0.0
5900;DURHAM PERFORMING ARTS CENTER;C;GENERAL SERVICES;75;INTRAGOVENMENTAL TRA;200000.0;622591.0;543009.0;432960.0;432960.0;459000;559000.0;559000.0;817000;1717000.0;1717000.0;0.0;0.0;0.0
5910;DPAC REPAIR AND MAINTENANCE;C;GENERAL SERVICES;73;CAPITAL ASSETS;0.0;0.0;0.0;0.0;0.0;0;0.0;0.0;0;0.0;0.0;0.0;0.0;0.0
5910 Total;;;;;;56342.82;299405.64;544697.0;434648.0;141850.12;460000;460000.0;256499.54;620000;629440.0;246157.08;0.0;0.0;0.0
6110;CLAIMS PAYMENT FUND;A;FINANCE;7F;TRANSFER TO FUND BAL;0.0;0.0;0.0;0.0;0.0;0;0.0;0.0;0;0.0;0.0;0.0;0.0;0.0
6300;EMPLOYEE INSURANCE FUND;E;HUMAN RESOURCES;75;INTRAGOVENMENTAL TRA;0.0;0.0;0.0;0.0;0.0;0;0.0;0.0;0;0.0;0.0;0.0;0.0;0.0
7100;CEMETERY PERPETUAL CARE FUND;A;FINANCE;75;INTRAGOVENMENTAL TRA;39195.0;39195.0;244581.0;0.0;0.0;0;0.0;0.0;0;0.0;0.0;0.0;0.0;0.0
7200;LEO SPECIAL SEPARATION ALLOWAN;K;POLICE;72;OPERATING EXPENSES;1123.0;1100.0;1200.0;1200.0;1105.5;1200;1200.0;1121.25;1200;1200.0;1200.0;1200.0;1200.0;1210.5
7300;POST EMPLOYMENT BENEFITS;0;UNDEFINED;7F;TRANSFER TO FUND BAL;0.0;0.0;0.0;0.0;0.0;0;0.0;0.0;0;0.0;0.0;0.0;0.0;0.0
